Name,Link
"Coursera Project Network

                3665 courses",/institution/project-network
"Amazon Web Services

                3173 courses",/institution/aws
"Amazon

                3139 courses",/institution/amazon
"NPTEL

                2232 courses",/institution/nptel
"Microsoft

                1133 courses",/institution/microsoft
"Google Cloud

                1128 courses",/institution/googlecloud
"Google

                1028 courses",/institution/google
"Great Learning

                484 courses",/institution/great-learning
"IBM

                478 courses",/institution/ibm
"CEC

                446 courses",/institution/cec
"Salesforce

                303 courses",/institution/salesforce
"ExcelIsFun

                176 courses",/institution/excelis-fun
"Learnit Training

                166 courses",/institution/learnit
"New York Institute of Finance

                121 courses",/institution/nyif
"LearnQuest

                117 courses",/institution/learnquest
"Tech with Tim

                117 courses",/institution/tech-with-tim
"Hussein Nasser

                109 courses",/institution/hussein-nasser
"Ninja Nerd

                104 courses",/institution/ninja-nerd
"Coding Train

                98 courses",/institution/codingtrain
"Simon Sez IT

                96 courses",/institution/simon-sez
"Traversy Media

                94 courses",/institution/traversy-media
"GreeneMath.com

                89 courses",/institution/greene-math
"AICTE

                87 courses",/institution/aicte
"Cloudswyft

                84 courses",/institution/cloudswyft
"DeepLearning.AI

                82 courses",/institution/deeplearning-ai
"Genevieve's Design Studio

                82 courses",/institution/genevieves-design
"HubSpot

                81 courses",/institution/hubspot
"NIOS

                78 courses",/institution/nios
"Extra Credits

                77 courses",/institution/extra-credits
"Inter-American Development Bank

                76 courses",/institution/idb
"Meta

                75 courses",/institution/meta
"International Monetary Fund

                72 courses",/institution/imf
"blackpenredpen

                68 courses",/institution/blackpenredpen
"Jeremy's IT Lab

                68 courses",/institution/jeremys-it-lab
"Gurukul Online Learning Network [ GOLN ]

                67 courses",/institution/goln
"Linux Foundation

                67 courses",/institution/linuxfoundation
"Linode

                66 courses",/institution/linode
"NITTTR

                60 courses",/institution/nitttr
"Coding Cafe

                59 courses",/institution/coding-cafe
"Net Ninja

                59 courses",/institution/netninja
"Web Dev Simplified

                59 courses",/institution/web-dev-simplified
"Codio

                56 courses",/institution/codio
"Derek Banas

                56 courses",/institution/derek-banas
"Autodesk

                55 courses",/institution/autodesk
"E-Learning Development Fund

                54 courses",/institution/eldf
"Australian Water School

                52 courses",/institution/australian-water-school
"Ross Dynamics Lab

                51 courses",/institution/ross-dynamics-lab
"Teacher's Tech

                51 courses",/institution/teachers-tech
"Infosec

                50 courses",/institution/infosec
"Make With Tech (MakeWithTech)

                50 courses",/institution/make-with-tech
"CNAM

                49 courses",/institution/cnam
"Centre national de la fonction publique territoriale

                49 courses",/institution/cnfpt
"European Schoolnet Academy

                49 courses",/institution/europeanschoolnetacademy
"Knight Center for Journalism in the Americas

                49 courses",/institution/knightcenter
"LambdaTest

                49 courses",/institution/lambda-test
"SAP

                49 courses",/institution/sap
"EIT Digital

                48 courses",/institution/eitdigital
"MathWorks

                46 courses",/institution/mathworks
"State Bank of India

                46 courses",/institution/sba
"British Council

                45 courses",/institution/british-council
"Data Science Dojo

                45 courses",/institution/data-science-dojo
"Target Internet

                44 courses",/institution/target-internet
"CodeTime

                43 courses",/institution/code-time
"Facebook

                43 courses",/institution/facebook
"Goldman Sachs

                43 courses",/institution/goldmansachs
"JavaScript Mastery

                43 courses",/institution/javascript-mastery
"Mirantis

                43 courses",/institution/mirantis
"Steve Brunton

                43 courses",/institution/steve-brunton
"SDG Academy

                42 courses",/institution/sdg-academy
"Visual Studio Code

                42 courses",/institution/visual-studio-code
"zainematics

                42 courses",/institution/zainematics
"Online Learning Campus - World Bank Group

                41 courses",/institution/worldbank
"CrashCourse

                40 courses",/institution/crash-course
"Programming with Mosh

                40 courses",/institution/mosh
"Amigoscode

                39 courses",/institution/amigos-code
"Kevin Powell

                39 courses",/institution/kevin-powell
"Simple History

                39 courses",/institution/simple-history
"Cyber Mentor

                38 courses",/institution/cyber-mentor
"Institute of Coding

                38 courses",/institution/institute-coding
"Raspberry Pi Foundation

                38 courses",/institution/raspberrypi
"Shomu's Biology

                38 courses",/institution/shomus-biology
"National STEM Learning Centre

                38 courses",/institution/stem-learning
"Caleb Curry

                37 courses",/institution/calebthevideomaker2
"Coursera Community Project Network

                37 courses",/institution/community-instructors
"SAS

                37 courses",/institution/sas
"Envato Tuts+

                37 courses",/institution/tutsplus
"Chinese Plus

                36 courses",/institution/chinese-plus
"Mr Tompkins EdTech

                36 courses",/institution/tompkins-ed-tech
"David Shapiro ~ AI

                35 courses",/institution/david-shapiro
"Devika's Commerce & Management Academy

                35 courses",/institution/devika-commerce-management-academy
"Logyca

                35 courses",/institution/logyca
"EIT Food

                34 courses",/institution/eit-food
"NCERT

                34 courses",/institution/ncert
"Packt

                34 courses",/institution/packt
"statisticsmatt

                34 courses",/institution/statisticsmatt
"Modern States

                33 courses",/institution/modern-states
"Bogdan Stashchuk

                32 courses",/institution/bogdan-stashchuk
"European Institute of Innovation and Technology (EIT)

                32 courses",/institution/eit
"Website Learners

                32 courses",/institution/website-learners
"Unacademy

                31 courses",/institution/unacademy
"ArcGIS

                30 courses",/institution/arcgis
"Futur Academy

                30 courses",/institution/futur-academy
"Eddie Woo

                30 courses",/institution/misterwootube
"Athlete 365

                30 courses",/institution/olympic
"School Education Gateway - Teacher Academy

                30 courses",/institution/school-education-gateway
"Neha Agrawal Mathematically Inclined

                29 courses",/institution/neha-agarwal-mathematically-inclined
"Professor Dave Explains

                29 courses",/institution/professor-dave-explains
"Art with Flo

                28 courses",/institution/art-with-flo
"LearnWebCode

                28 courses",/institution/learn-web-code
"Philanthropy University

                28 courses",/institution/philanthropy-university
"Smithsonian Institution

                28 courses",/institution/smithsonian
"The British Society for Antimicrobial Chemotherapy

                27 courses",/institution/british-society-for-antimicrobial-chemotherapy
"DesignCourse

                27 courses",/institution/design-course
"Sleepy Classes IAS

                26 courses",/institution/sleepy-classes-ias
"TipTut

                26 courses",/institution/tiptut
"Zenva

                26 courses",/institution/zenva
"Inria (French Institute for Research in Computer Science and Automation)

                25 courses",/institution/inria
"Mathologer

                25 courses",/institution/mathologer
"The Organic Chemistry Tutor

                24 courses",/institution/organic-chemistry-tutor
"Bioinformatics Coach

                23 courses",/institution/bioinformatics-coach
"CAF – banco de desarrollo de América Latina

                23 courses",/institution/latina
"Parsons School of Design

                23 courses",/institution/parsons
"UGC

                23 courses",/institution/ugc
"Unity

                23 courses",/institution/unity
"BioinformaticsDotCA

                22 courses",/institution/bioinformaticsdotca
"Intel

                22 courses",/institution/intel
"Ted-Ed

                22 courses",/institution/ted-ed
"EC-Council

                21 courses",/institution/ec-council
"Friday Institute

                21 courses",/institution/friday-institute
"Nick Zentner

                21 courses",/institution/geology-nick
"IEEE

                21 courses",/institution/ieee
"TechWorld with Nana

                21 courses",/institution/techworld-with-nana
"Flux Academy

                20 courses",/institution/flux-academy
"(ISC)²

                20 courses",/institution/isc2
"The National Centre for Research Methods

                20 courses",/institution/ncrmuk
"Sean Fitzpatrick

                20 courses",/institution/sean-fitzpatrick
"Acadgild

                19 courses",/institution/acadgild
"CertNexus

                19 courses",/institution/certnexus
"FUN WITH DATA SCIENCE

                19 courses",/institution/fun-with-data-science
"Mike Dane

                19 courses",/institution/giraffe-academy
"Global Campus of Human Rights

                19 courses",/institution/global-campus-human-rights
"Python Engineer

                19 courses",/institution/python-engineer
"Serious Science

                19 courses",/institution/serious-science
"Checkpoint

                18 courses",/institution/checkpoint
"Cisco

                18 courses",/institution/cisco
"Dr. Gajendra Purohit

                18 courses",/institution/drgajendrapurohitmathematics
"ISCEA

                18 courses",/institution/iscea
"Jonathan Walters

                18 courses",/institution/jonathan-walters-dr-dub
"Lucid Programming

                18 courses",/institution/lucid-programming
"Institut Pasteur

                18 courses",/institution/pasteur
"STMicroelectronics

                18 courses",/institution/stmicroelectronics
"StudioBinder

                18 courses",/institution/studio-binder
"3Blue1Brown

                18 courses",/institution/three-blue-one-brown
"Academic Lesson

                17 courses",/institution/academic-lesson
"+Acumen

                17 courses",/institution/acumen
"Arm Education

                17 courses",/institution/arm
"BBC Good Food

                17 courses",/institution/bbc-good-food
"Bioinformatics Institute

                17 courses",/institution/bioinformatics-institute
"Corey Schafer

                17 courses",/institution/corey-schafer
"EDUlib

                17 courses",/institution/edulib
"Indian Council of Medical Research (ICMR)

                17 courses",/institution/icmr
"James Briggs

                17 courses",/institution/james-briggs
"Pragmatic AI Labs

                17 courses",/institution/pragmatic-ai
"The Bright Side of Mathematics

                17 courses",/institution/the-bright-side-of-mathematics
"Apna Teacher

                16 courses",/institution/apna-teacher
"Aruba

                16 courses",/institution/aruba
"Juniper Networks

                16 courses",/institution/juniper
"Nginx

                16 courses",/institution/nginx
"NM Robert Ramirez

                16 courses",/institution/nm-robert-ramirez
"Build Academy

                16 courses",/institution/ooac
"Panyapiwat Institute of Management

                16 courses",/institution/pim
"Professor Knudson

                16 courses",/institution/professorknudson
"Sentinel 9

                16 courses",/institution/sentinel9
"ACCA

                15 courses",/institution/acca
"Amnesty International

                15 courses",/institution/amnesty
"Bloomsbury Academic

                15 courses",/institution/bloomsbury
"Bro Code

                15 courses",/institution/bro-code
"D&AD

                15 courses",/institution/dandad
"Elbio Fernández Institute

                15 courses",/institution/elbio-fernandez
"HackerSploit

                15 courses",/institution/hackersploit
"JustinGuitar

                15 courses",/institution/justin-guitar
"KidsCanCode

                15 courses",/institution/kids-can-code
"Statistics is Fun A.H

                15 courses",/institution/statistics-is-fun-ah
"The AI University

                15 courses",/institution/the-ai-university
"Ahrefs

                14 courses",/institution/ahrefs
"Augmented Startups

                14 courses",/institution/augmented-startups
"BBC

                14 courses",/institution/bbc
"CentraleSupélec

                14 courses",/institution/centralesupelec
"Confluent

                14 courses",/institution/confluent
"Dr. D-Flo

                14 courses",/institution/dr-d-flo
"Campus - the Israeli National Project for Digital Learning

                14 courses",/institution/israelx
"New Teacher Center

                14 courses",/institution/ntc
"Justin Brown - Primal Video

                14 courses",/institution/primal-video
"Professor Leonard

                14 courses",/institution/professor-leonard
"PwC

                14 courses",/institution/pwc
"Simple Snippets

                14 courses",/institution/simple-snippets
"Stephane Maarek

                14 courses",/institution/stephane-maarek
"StudyIQ IAS

                14 courses",/institution/study-iq-coaching-center
"Tablet Academy

                14 courses",/institution/tablet
"Wellcome Genome Campus

                14 courses",/institution/wellcome-genome
"BCG

                13 courses",/institution/bcg
"ClickSlice

                13 courses",/institution/clickslice
"Code with Tomi

                13 courses",/institution/codewithtomi
"Grow with Google

                13 courses",/institution/grow-with-google
"Krish Naik

                13 courses",/institution/krishnaik06
"Krista King

                13 courses",/institution/krista-king
"Maths Explained

                13 courses",/institution/maths-explained
"MéxicoX

                13 courses",/institution/mexicox
"The Museum of Modern Art

                13 courses",/institution/moma
"MooMooMath and Science

                13 courses",/institution/moo-moo-math
"NIIT StackRoute

                13 courses",/institution/niit-stackroute
"statistics.com

                13 courses",/institution/statistics-dot-com
"Australian Charities and Not-for-profits Commission (ACNC)

                12 courses",/institution/acnc
"Andy Guitar

                12 courses",/institution/andy-guitar
"Brian McLogan

                12 courses",/institution/brian-mclogan
"jbstatistics

                12 courses",/institution/jbstatistics
"Jeremy Klassen

                12 courses",/institution/jeremyklassenthepiman
"Joseph Delgadillo

                12 courses",/institution/joseph-delgadillo
"Palo Alto Networks

                12 courses",/institution/palo-alto-networks
"Python Simplified

                12 courses",/institution/python-simplified
"Swiss Education Group

                12 courses",/institution/swiss-education
"Yandex

                12 courses",/institution/yandex
"Accenture

                11 courses",/institution/accenture
"ADP

                11 courses",/institution/adp
"Agreenium

                11 courses",/institution/agreenium
"Advancing Women in Tech

                11 courses",/institution/awip
"Catalyst

                11 courses",/institution/catalyst
"ChessBase India

                11 courses",/institution/chess-base
"CodeWithHarry

                11 courses",/institution/code-with-harry
"FlightClub

                11 courses",/institution/flight-club
"Institute of Data & Marketing

                11 courses",/institution/idm
"INFOSEC TRAIN

                11 courses",/institution/infosec-train
"Kaplan

                11 courses",/institution/kaplan
"Learning Journal

                11 courses",/institution/learning-journal
"Moodle

                11 courses",/institution/moodle
"NHS England

                11 courses",/institution/nhs
"Deep Teaching Solutions

                11 courses",/institution/oakley
"Pentiminaxt

                11 courses",/institution/pentiminaxt
"Pianote

                11 courses",/institution/pianote
"UVED

                11 courses",/institution/uved
"365 Data Science

                10 courses",/institution/365-data-science
"Alberta Machine Intelligence Institute

                10 courses",/institution/amii
"AW Learn

                10 courses",/institution/awlearn
"Commonwealth Education Trust

                10 courses",/institution/cet1886
"Clough42

                10 courses",/institution/clough42
"Coding Tech

                10 courses",/institution/coding-tech
"David Bombal

                10 courses",/institution/david-bombal
"Digital Marketing Institute

                10 courses",/institution/digital-marketing-institute
"Frances Clark Center

                10 courses",/institution/francis-clark
"Gareth David Studio

                10 courses",/institution/gareth-david
"International Culinary Studio

                10 courses",/institution/int-culinary-studio
"Interactive Brokers

                10 courses",/institution/interactive-brokers
"IONIS

                10 courses",/institution/ionisx
"Kaggle

                10 courses",/institution/kaggle
"Keith Johnson Custom Woodworking

                10 courses",/institution/keith-johnson-woodworking
"Nostis

                10 courses",/institution/nostis
"One Skill PowerPoint

                10 courses",/institution/one-skill
"OpenSecurityTraining2

                10 courses",/institution/ost2
"Public Health England

                10 courses",/institution/public-health-england
"Splunk

                10 courses",/institution/splunk
"TechSmith

                10 courses",/institution/techsmith
"UiPath

                10 courses",/institution/uipath
"vBrownBag

                10 courses",/institution/vbrownbag
"Wix

                10 courses",/institution/wix
"Yad Vashem - The World Holocaust Remembrance Center

                10 courses",/institution/yadvashem
"5 Minutes Engineering

                9 courses",/institution/5-minutes-engineering
"Adrian Twarog

                9 courses",/institution/adrian-twarog
"ATC Training

                9 courses",/institution/atc
"buildwithpython

                9 courses",/institution/build-with-python
"Canva

                9 courses",/institution/canva
"Code With Dary

                9 courses",/institution/codewithdary
"Databricks

                9 courses",/institution/databricks
"JetBrains

                9 courses",/institution/jetbrains
"Kimberly Brehm

                9 courses",/institution/kimberly-brehm
"Magoosh

                9 courses",/institution/magoosh
"MCA Business & Postgraduate School

                9 courses",/institution/mcabps
"patrickJMT

                9 courses",/institution/patrick-jmt
"Partnership for Advanced Computing in Europe

                9 courses",/institution/prace
"Red Hat

                9 courses",/institution/redhat
"Redis University

                9 courses",/institution/redis
"Reverb

                9 courses",/institution/reverb
"Serrano.Academy

                9 courses",/institution/serrano-academy
"Tableau

                9 courses",/institution/tableau
"Thorlabs

                9 courses",/institution/thorlabs
"UNESCO

                9 courses",/institution/unesco
"Tyler Wallace

                9 courses",/institution/wallacemath
"Alibaba

                8 courses",/institution/alibaba
"American Museum of Natural History

                8 courses",/institution/amnh
"Automation Anywhere

                8 courses",/institution/automation-anywhere
"Cambridge English Language Assessment

                8 courses",/institution/cambridgeenglish
"Chess Vibes

                8 courses",/institution/chess-vibes
"ChrisFix

                8 courses",/institution/chris-fix
"National Centre for Computing Education

                8 courses",/institution/computing-education
"Dan Davis History

                8 courses",/institution/dan-davis-history
"Dr Trefor Bazett

                8 courses",/institution/drtreforbazett
"Drumeo

                8 courses",/institution/drumeo
"Esri

                8 courses",/institution/esri
"Geography Now

                8 courses",/institution/geography-now
"Gus A. Stavros Center

                8 courses",/institution/gus-stavros-center
"IMSC

                8 courses",/institution/imsc
"IT'S HISTORY

                8 courses",/institution/its-history
"Kode Kloud

                8 courses",/institution/kode-kloud
"Lamee Storage

                8 courses",/institution/lameestorage
"Learning Lounge

                8 courses",/institution/learning-lounge
"L&T EduTech

                8 courses",/institution/lt-edutech
"Mathemaniac

                8 courses",/institution/mathemaniac
"Mind Lab

                8 courses",/institution/mind-lab
"Noted Anatomist

                8 courses",/institution/noted-anatomist
"Open Education Consortium (OEC)

                8 courses",/institution/oeconsortium
"Oracle

                8 courses",/institution/oracle
"Proko

                8 courses",/institution/proko
"Social Media College

                8 courses",/institution/social-media-college
"Teach Computing

                8 courses",/institution/teach-computing
"LES TEACHERS DU NET

                8 courses",/institution/teachersdunet
"Voxy

                8 courses",/institution/voxy
"Weights & Biases

                8 courses",/institution/weights-biases
"XuetangX

                8 courses",/institution/xuetangx
"10xu

                7 courses",/institution/10xu
"AllBright

                7 courses",/institution/allbright
"Anthropology for UPSC

                7 courses",/institution/anthropology-for-upsc
"American Society of Addiction Medicine (ASAM)

                7 courses",/institution/asam
"Certificat informatique et internet

                7 courses",/institution/cii
"City & Guilds

                7 courses",/institution/city-guilds
"Cloudera

                7 courses",/institution/cloudera
"Centre Virchow-Villermé

                7 courses",/institution/cvv
"Data School

                7 courses",/institution/data-school
"DFIRScience

                7 courses",/institution/dfir-science
"EIT Health

                7 courses",/institution/eit-health
"e-legion

                7 courses",/institution/elegion
"ENS de Lyon

                7 courses",/institution/ens-de-lyon
"Fullbridge

                7 courses",/institution/fullbridge
"Google News Initiative

                7 courses",/institution/google-news
"Hopenclass

                7 courses",/institution/hopenclass
"HumorX

                7 courses",/institution/humorx
"Institute for the Future

                7 courses",/institution/iftf
"Islamic Research and Training Institute

                7 courses",/institution/irti
"Instituto Tecnológico Telefónica

                7 courses",/institution/itt-telefonica
"Jesse J. Jones

                7 courses",/institution/jesse-jones
"LIVITY

                7 courses",/institution/livity
"Mail.Ru Group

                7 courses",/institution/mailru
"MandarinX

                7 courses",/institution/mandarinx
"MangoldProject

                7 courses",/institution/mangold-project
"mooc.house

                7 courses",/institution/mooc-house
"PA Consulting

                7 courses",/institution/pa-consulting
"Strong Medicine

                7 courses",/institution/strong-medicine
"Telusko

                7 courses",/institution/telusko
"TheCoderCoder

                7 courses",/institution/the-coder-coder
"World Wide Web Consortium (W3C)

                7 courses",/institution/w3c
"AdaCore University

                6 courses",/institution/adacore
"The British Film Institute

                6 courses",/institution/bfi
"Boxplay

                6 courses",/institution/boxplay
"CATIE

                6 courses",/institution/catie
"Condé Nast College of Fashion & Design

                6 courses",/institution/conde-nast
"Data Professor

                6 courses",/institution/data-professor
"Digital Economy Promotion Agency

                6 courses",/institution/depa
"Enodo Economics

                6 courses",/institution/enodo
"EricTheCarGuy

                6 courses",/institution/eric-the-car-guy
"fhi360

                6 courses",/institution/fhi360
"Figma

                6 courses",/institution/figma
"GeoDelta Labs

                6 courses",/institution/geodelta-labs
"Crece con Google

                6 courses",/institution/google-es
"Cresça com o Google

                6 courses",/institution/google-pt
"HTB Academy

                6 courses",/institution/htb
"InnoEnergy

                6 courses",/institution/innoenergy
"John Hammond

                6 courses",/institution/john-hammond
"Ken Jee

                6 courses",/institution/ken-jee
"Kurzgesagt – In a Nutshell

                6 courses",/institution/kurzgesagt
"Living in Minca

                6 courses",/institution/minca
"National Institute of Epidemiology

                6 courses",/institution/nie
"Rolls Royce

                6 courses",/institution/rollys-royce
"Sir Wade Neistadt

                6 courses",/institution/sir-wade
"Snyk

                6 courses",/institution/snyk
"SoFi

                6 courses",/institution/sofi
"SuperSimpleDev

                6 courses",/institution/super-simple-dev
"UBits

                6 courses",/institution/ubits
"Adam Smith Center

                5 courses",/institution/adam-smith
"Adobe

                5 courses",/institution/adobe
"Alex the Analyst

                5 courses",/institution/alex-the-analyst
"Anaplan

                5 courses",/institution/anaplan
"Aptly

                5 courses",/institution/aptly
"Bayt

                5 courses",/institution/bayt
"Campus BBVA

                5 courses",/institution/bbva
"BIMA

                5 courses",/institution/bima
"Butterfly Spanish

                5 courses",/institution/butterfly-spanish
"CAD CAM Tutorials

                5 courses",/institution/cad-cam-tutorials
"Chasing Time English

                5 courses",/institution/chasing-time
"Chess.com

                5 courses",/institution/chess
"Cloud Advocate

                5 courses",/institution/cloud-advocate
"Cooper Union

                5 courses",/institution/cooper
"Dani Krossing

                5 courses",/institution/dani-krossing
"Institute for Drone Technology

                5 courses",/institution/drone-institute
"Eduard Stinga

                5 courses",/institution/eduard-stinga
"European Space Agency

                5 courses",/institution/esa
"European Union Committee of the Regions

                5 courses",/institution/eu-committee-of-the-regions
"Excel Club

                5 courses",/institution/excel-club
"Foundation for Excellence in Education

                5 courses",/institution/excelined
"Except Integrated Sustainability

                5 courses",/institution/except
"Exploratorium

                5 courses",/institution/exploratorium
"Gobelins, l'école de l'image

                5 courses",/institution/gobelins
"Goodwill

                5 courses",/institution/goodwill
"Acción contra el Hambre

                5 courses",/institution/hambre
"Health Education England

                5 courses",/institution/health-education-england
"High Tech High

                5 courses",/institution/hightechhigh
"Intuit

                5 courses",/institution/intuit
"Jeremy Howard

                5 courses",/institution/jeremy-howard
"The Left Bank School

                5 courses",/institution/left-bank
"Lego Foundation

                5 courses",/institution/lego
"Fundação Lemann

                5 courses",/institution/lemann
"Material Design

                5 courses",/institution/material-design
"Manchester Grammar School

                5 courses",/institution/mgs
"Ministry of Higher Education of Afghanistan

                5 courses",/institution/ministry-afghanistan
"Neso Academy

                5 courses",/institution/neso-academy
"Nvidia

                5 courses",/institution/nvidia
"OctavesOnline

                5 courses",/institution/octaves-online
"Digital Commission for National Economy and Society

                5 courses",/institution/onde
"OpenCourseWorld

                5 courses",/institution/open-course-world
"Observatoire de Paris

                5 courses",/institution/paris-observatory
"Prep Agent

                5 courses",/institution/prep-agent
"Professor Messer

                5 courses",/institution/professor-messer
"QA

                5 courses",/institution/qa
"RIE, Bhopal

                5 courses",/institution/rie-bhopal
"Within by Savoir Relier

                5 courses",/institution/savoir-relier
"The Museum of New Zealand Te Papa Tongarewa

                5 courses",/institution/te-papa
"Tencent Cloud

                5 courses",/institution/tencent
"TensorFlow

                5 courses",/institution/tensorflow
"Tutorials Point

                5 courses",/institution/tutorialspoint
"Twitter

                5 courses",/institution/twitter
"Ubiquity University

                5 courses",/institution/ubiquity
"Welltodo

                5 courses",/institution/welltodo
"William Spaniel

                5 courses",/institution/william-spaniel
"Wrath of Math

                5 courses",/institution/wrath-of-math
"Yunus Social Business

                5 courses",/institution/yunus
"1A Auto: Repair Tips & Secrets Only Mechanics Know

                4 courses",/institution/1a-auto-repair
"3x3Custom - Tamar

                4 courses",/institution/3x3-custom-tamar
"Institute for Adult Learning

                4 courses",/institution/adult-learning
"African Society for Laboratory Medicine

                4 courses",/institution/aslm
"AssemblyAI

                4 courses",/institution/assembly-ai
"Babcock Education

                4 courses",/institution/babcock
"Babson Global

                4 courses",/institution/babson
"Bibliotheca Alexandrina

                4 courses",/institution/bibalex
"CFA Institute

                4 courses",/institution/cfa
"CG Fast Track

                4 courses",/institution/cg-fast-track
"Cisac University

                4 courses",/institution/cisac
"Climate-KIC

                4 courses",/institution/climate-kic
"Clinical Pharmacology Lectures

                4 courses",/institution/clinical-pharmacology
"The Disque Foundation

                4 courses",/institution/disque-foundation
"Escuela del Agua

                4 courses",/institution/edagua
"EFQM

                4 courses",/institution/efqm
"ENSAE-ENSAI Formation Continue

                4 courses",/institution/ensae-ensai
"EntrepreneurNOW! Network

                4 courses",/institution/entrepreneur-now
"fast.ai

                4 courses",/institution/fast-ai
"The Fiber School

                4 courses",/institution/fiber-school
"FIND

                4 courses",/institution/find
"Github

                4 courses",/institution/github
"GothamChess

                4 courses",/institution/gotham-chess
"Tommy Hilfiger

                4 courses",/institution/hilfiger
"HKU Space

                4 courses",/institution/hku-space
"Alexander von Humboldt Institute for Internet and Society

                4 courses",/institution/humboldt-institute
"Institute of Certified Professional Managers

                4 courses",/institution/icpm
"Indian Institute for Human Settlements (IIHS)

                4 courses",/institution/iihs
"Groupe INSA

                4 courses",/institution/insa
"Ministère de l'Intérieur

                4 courses",/institution/interieur
"Into Film

                4 courses",/institution/into-film
"Java Brains

                4 courses",/institution/javabrains
"JER Online

                4 courses",/institution/jer
"Jindal Centre for Social Innovation + Entrepreneurship

                4 courses",/institution/jsie
"The Julia Programming Language

                4 courses",/institution/julia
"Malware Unicorn

                4 courses",/institution/malware-unicorn
"Microsoft Virtual Academy

                4 courses",/institution/microsoft-virtual-academy
"MongoDB University

                4 courses",/institution/mongodb
"Neo4j

                4 courses",/institution/neo4j
"Nvidia Deep Learning Institute

                4 courses",/institution/nvidia-deep-learning
"PBS

                4 courses",/institution/pbs
"RIE, Ajmer

                4 courses",/institution/rie-ajmer
"Instituto RTVE

                4 courses",/institution/rtve
"Rumah Perubahan

                4 courses",/institution/ruman-per
"Ryan Hawkins

                4 courses",/institution/ryan-hawkins
"Samsung

                4 courses",/institution/samsung
"Samsung - Not a School

                4 courses",/institution/samsung-not-a-school
"Sciences Pro

                4 courses",/institution/scpro
"Social Entrepreneurship Akademie

                4 courses",/institution/sea
"Swiss Institute of Bioinformatics

                4 courses",/institution/swiss-institute-of-bioinformatics
"Tally Education

                4 courses",/institution/tally
"Tech Futures Lab

                4 courses",/institution/tech-futures-lab
"Trailhead

                4 courses",/institution/trailhead
"TrevTutor

                4 courses",/institution/trev-tutor
"Weston High School

                4 courses",/institution/westonschools
"ACTAsia

                3 courses",/institution/actasia
"Agence de l'Environnement et de la Maîtrise de l'Énergie

                3 courses",/institution/ademe
"Agrosup Dijon

                3 courses",/institution/agrosup-dijon
"Alibaba Cloud Academy

                3 courses",/institution/alibaba-cloud
"The Alliance for Child Protection in Humanitarian Action

                3 courses",/institution/alliance
"American Psychological Association

                3 courses",/institution/apa
"Atlassian

                3 courses",/institution/atlassian
"Blender Guru

                3 courses",/institution/blender-guru
"Réseau Canopé

                3 courses",/institution/canope
"Cenex

                3 courses",/institution/cenex
"Chang School of Continuing Education

                3 courses",/institution/chang
"Chartered Insurance Institute

                3 courses",/institution/chartered-insurance
"The Chartered Institute of Marketing

                3 courses",/institution/cim
"CIOB Academy

                3 courses",/institution/ciob
"Chartered Institute for Personnel and Development

                3 courses",/institution/cipd
"ColorCode

                3 courses",/institution/color-code
"David Revoy

                3 courses",/institution/david-revoy
"Domain of Science

                3 courses",/institution/domain-of-science
"Easy Languages

                3 courses",/institution/easy-languages
"eGIS Associates

                3 courses",/institution/egis-associates
"EIT RawMaterials

                3 courses",/institution/eit-rawmaterials
"European Inter-University Centre for Human Rights and Democratisation

                3 courses",/institution/eiuc
"Emergn

                3 courses",/institution/emergn
"Erasmus+

                3 courses",/institution/erasmus-plus
"EUMETSAT

                3 courses",/institution/eumetsat
"The Fabrication Series

                3 courses",/institution/fabricator-series
"Ferrandi, l'école française de gastronomie

                3 courses",/institution/ferrandi
"Film Distributors' Association

                3 courses",/institution/film-distributors
"First Finance Institute

                3 courses",/institution/first-finance-institute
"Global Diplomatic Forum

                3 courses",/institution/gdforum
"Girls' Day School Trust

                3 courses",/institution/girls-day-school-trust
"GitLab

                3 courses",/institution/gitlab
"HashiCorp

                3 courses",/institution/hashicorp
"Homuork

                3 courses",/institution/homuork
"Houses of Parliament

                3 courses",/institution/houses-of-parliament
"HumbleMechanic

                3 courses",/institution/humble-mechanic
"International Committee of the Red Cross

                3 courses",/institution/icrc
"Ideo.org

                3 courses",/institution/ideo
"International Federation of Red Cross and Red Crescent Societies

                3 courses",/institution/ifrc
"Inalco - Institut National des Langues et Civilisations Orientales

                3 courses",/institution/inalco
"Institut des techniques d'ingénieur de l'industrie

                3 courses",/institution/itii
"Juran

                3 courses",/institution/juran
"King's Fund

                3 courses",/institution/kings-fund
"Labdox

                3 courses",/institution/labdox
"Laureate International Universities

                3 courses",/institution/laureate
"Learn Ventures

                3 courses",/institution/learn-ventures
"Macmillan Education

                3 courses",/institution/macmillan
"Matthew E. Clapham

                3 courses",/institution/mattheweclapham
"Maybank Indonesia

                3 courses",/institution/mb-indo
"MinnaLearn

                3 courses",/institution/minna-learn
"Mutex Embedded

                3 courses",/institution/mutex-embedded
"thenewboston

                3 courses",/institution/new-boston
"New Mexico Consortium

                3 courses",/institution/new-mexico-consortium
"Nutanix

                3 courses",/institution/nutanix
"Ox educ

                3 courses",/institution/ox-educ
"Piano Keyboard Guide

                3 courses",/institution/piano-keyboard-guide
"PingSkills

                3 courses",/institution/ping-skills
"L'École Centre Pompidou

                3 courses",/institution/pompidou
"PortSwigger

                3 courses",/institution/portswigger
"Quality Council of India

                3 courses",/institution/qcoii
"Remote Chess Academy

                3 courses",/institution/remote-chess-academy
"rootmath

                3 courses",/institution/rootmath
"Royal Observatory, Greenwich

                3 courses",/institution/royal-observatory
"Salesforce Developers

                3 courses",/institution/salesforce-developers
"St. Margaret’s Episcopal School

                3 courses",/institution/smes
"Sydney Opera House

                3 courses",/institution/sydney-opera-house
"Tennessee Board of Regents

                3 courses",/institution/tbr
"UCAS

                3 courses",/institution/ucas
"Vohra Wound Physicians

                3 courses",/institution/vohra
"VR Voom

                3 courses",/institution/vrvoom
"Web3 Foundation

                3 courses",/institution/web3
"WizIQ

                3 courses",/institution/wiziq
"Xero

                3 courses",/institution/xero
"ABRSM, The Association Board of the Royal Schools of Music

                2 courses",/institution/abrsm
"The Association of Corporate Treasurers

                2 courses",/institution/act
"ActiveCampaign

                2 courses",/institution/active-campaign
"Australian Film Television and Radio School

                2 courses",/institution/aftrs
"Agung Concern

                2 courses",/institution/agung-con
"Allen Institute for Brain Science

                2 courses",/institution/allen-institute
"Alteryx

                2 courses",/institution/alteryx
"American Association of Colleges for Teacher Education

                2 courses",/institution/american-association-of-colleges-for-teacher-education
"AnimatorIslandTV

                2 courses",/institution/animator-island
"AT&T

                2 courses",/institution/att
"Australia Post

                2 courses",/institution/australia-post
"Bailey & French

                2 courses",/institution/bailey-french
"Bain & Company

                2 courses",/institution/bain
"Ben Awad

                2 courses",/institution/ben-awad
"Ben Eater

                2 courses",/institution/ben-eater
"Big Interview

                2 courses",/institution/big-interview
"Bloomsbury Learning Exchange

                2 courses",/institution/ble
"bloom

                2 courses",/institution/bloom-trading
"BMJ

                2 courses",/institution/bmj
"Cambridge University Press

                2 courses",/institution/cambridge-press
"Center for Creative Leadership

                2 courses",/institution/ccl
"Cerfav

                2 courses",/institution/cerfav
"Instituto Cervantes

                2 courses",/institution/cervantes
"ClickMinded

                2 courses",/institution/click-minded
"Cloud Foundry

                2 courses",/institution/cloud-foundry
"Foreign and Commonwealth Office

                2 courses",/institution/commonwealth
"ConsenSys Academy

                2 courses",/institution/consensys
"Creative Time

                2 courses",/institution/creativetime
"Creative X

                2 courses",/institution/creativex
"Cancer Research UK

                2 courses",/institution/cruk
"CSBE (Centre for the Study of the Built Environment)

                2 courses",/institution/csbe
"CultureLink

                2 courses",/institution/culturelink
"DaFluffyPotato

                2 courses",/institution/dafluffypotato
"The Data Lab

                2 courses",/institution/data-lab
"Google Daydream Impact

                2 courses",/institution/daydream
"Deloitte University Press

                2 courses",/institution/dupress
"European AIDS Clinical Society

                2 courses",/institution/eacs
"Edge Impulse

                2 courses",/institution/edge-impulse
"EduMaxi

                2 courses",/institution/edumaxi
"EHESP

                2 courses",/institution/ehesp
"Ecole Nationale Supérieure de Sécurité Sociale

                2 courses",/institution/en3s
"ENAC

                2 courses",/institution/enac
"Plena Inclusión España

                2 courses",/institution/espana
"ESSCA

                2 courses",/institution/essca
"ETS

                2 courses",/institution/ets
"Feminist Internet

                2 courses",/institution/feminist-internet
"Fermilab

                2 courses",/institution/fermilab
"Foundation for Rare Diseases (FFRD)

                2 courses",/institution/ffrd
"Fundació Navegació Oceànica Barcelona

                2 courses",/institution/fnob
"frank howarth

                2 courses",/institution/frank-howarth
"Frankly Built

                2 courses",/institution/frankly-built
"Friedrich-Ebert-Stiftung

                2 courses",/institution/friedrich-ebert-stiftung
"Global Center on Adaptation

                2 courses",/institution/gca
"Deutsche Gesellschaft für Internationale Zusammenarbeit

                2 courses",/institution/giz
"Global Labour University

                2 courses",/institution/global-labour
"Google - Spectrum Sharing

                2 courses",/institution/google-cbrs
"Google News Lab

                2 courses",/institution/google-news-lab
"HackerOne

                2 courses",/institution/hackerone
"Hitesh Choudhary

                2 courses",/institution/hitesh-choudhary
"HostGator

                2 courses",/institution/host-gator
"Hotel Institute Montreux

                2 courses",/institution/hotel-institute-montreux
"Howcast

                2 courses",/institution/howcast
"Humanists UK

                2 courses",/institution/humanists
"IFP School

                2 courses",/institution/ifp-school
"Institut national de la consommation

                2 courses",/institution/inc
"Institute of Human Anatomy

                2 courses",/institution/institute-of-human-anatomy
"Institute of Information Security

                2 courses",/institution/institute-of-information-sec-japan
"Islamic Development Bank Institute

                2 courses",/institution/isdb-institute
"ISIPCA Paris

                2 courses",/institution/isipca
"J Perm

                2 courses",/institution/j-perm
"JetBrains Academy

                2 courses",/institution/jetbrains-academy
"Knowledge Accelerators

                2 courses",/institution/knowledge-accelerators
"Language Fuel

                2 courses",/institution/language-fuel
"Centre for Lebanese Studies

                2 courses",/institution/lebanese-studies
"Longwood Gardens

                2 courses",/institution/longwood-gardens
"Loyola College of Social Sciences

                2 courses",/institution/loyola-kerala
"Machinery Restorer

                2 courses",/institution/machinery-restorer
"Math Sorcerer

                2 courses",/institution/math-sorcerer
"Math with Mr. J

                2 courses",/institution/math-with-mr-j
"Melissa Maribel

                2 courses",/institution/melissa-maribel
"Mental Health Foundation

                2 courses",/institution/mental-health-uk
"Mercedes Benz

                2 courses",/institution/mercedes
"Micah Johns

                2 courses",/institution/micah-johns
"Mode

                2 courses",/institution/mode
"Mozilla

                2 courses",/institution/mozilla
"Mahajana PG Center

                2 courses",/institution/mpgcenter
"National Geographic Society

                2 courses",/institution/natgeo
"National Museums Scotland

                2 courses",/institution/national-museums-scotland
"New Scientist

                2 courses",/institution/new-scientist
"The National Institute for Health Research

                2 courses",/institution/nihr
"National Institute Of Mental Health & Neuro Sciences (NIMHANS)

                2 courses",/institution/nimhans
"Nordoff Robbins Music Therapy

                2 courses",/institution/nordoff-robbins
"Fondazione Italiana del Notariato

                2 courses",/institution/notariato
"Northwest Colorado BOCES

                2 courses",/institution/nwboces
"Northwest Career Technical High School

                2 courses",/institution/nwcths
"Omni Nano

                2 courses",/institution/omni-nano
"OnSAP Academy

                2 courses",/institution/onsap
"Oxfam

                2 courses",/institution/oxfam
"Product Marketing Alliance

                2 courses",/institution/pma
"The Museo Nacional del Prado

                2 courses",/institution/prado
"Project 39A

                2 courses",/institution/project-39a
"Research Data Management Librarian Academy (RDMLA)

                2 courses",/institution/rdmla
"Royal College of Physicians

                2 courses",/institution/royal-college-of-physicians
"Schoolyourself

                2 courses",/institution/schoolyourself
"Shaping Tomorrow

                2 courses",/institution/shtm
"Siemens

                2 courses",/institution/siemens
"Social Finance

                2 courses",/institution/social-finance
"SparkFun Electronics

                2 courses",/institution/spark-fun
"SUSE

                2 courses",/institution/suse
"The Tavistock and Portman NHS Foundation Trust

                2 courses",/institution/tavistock
"Turner Classic Movies

                2 courses",/institution/tcm
"Teach For America

                2 courses",/institution/teachforamerica
"Technology for Teachers and Students

                2 courses",/institution/technology-for-teachers
"TU9

                2 courses",/institution/tu9
"Unicef

                2 courses",/institution/unicef
"Victorian Comprehensive Cancer Centre

                2 courses",/institution/vccc
"Wenbo Zhao

                2 courses",/institution/wenbo-zhao
"Welingkar Institute of Management

                2 courses",/institution/wimi
"Y Combinator

                2 courses",/institution/ycombinator
"One Million by One Million

                1 course",/institution/1m1m
"23andme

                1 course",/institution/23andme
"Ableton

                1 course",/institution/ableton
"Association for Continence Advice (ACA)

                1 course",/institution/aca
"acatech

                1 course",/institution/acatech
"Accion Venture Lab

                1 course",/institution/accion
"Australian Council for Educational Research - ACER

                1 course",/institution/acer
"Alliance Française Paris Ile-de-France

                1 course",/institution/af-paris
"Affectiva

                1 course",/institution/affectiva
"African Local Government Academy

                1 course",/institution/african-local-government-academy
"Afrotechmods

                1 course",/institution/afrotechmods
"Aga Khan Trust for Culture

                1 course",/institution/aga-kahn
"AGEFOS

                1 course",/institution/agefos
"Association of Independent Colleges of Art and Design

                1 course",/institution/aicad
"École de l'air

                1 course",/institution/air-school
"Fundación Alimerka

                1 course",/institution/alimerka
"Alta Scuola Politecnica

                1 course",/institution/alta-scuola
"Brain Health Scotland

                1 course",/institution/alzscot
"Amdocs

                1 course",/institution/amdocs
"Amoeba Sisters

                1 course",/institution/amoeba-sisters
"Academy of Music and Sound

                1 course",/institution/ams
"Animafac

                1 course",/institution/animafac
"Animagraffs

                1 course",/institution/animagraffs
"Annenberg Learner

                1 course",/institution/annenberglearner
"Academic Partnerships

                1 course",/institution/ap
"Apollo

                1 course",/institution/apollo
"Asana

                1 course",/institution/asana
"Aspetar

                1 course",/institution/aspetar
"Astrum

                1 course",/institution/astrum
"ATiT

                1 course",/institution/atit
"Auth0

                1 course",/institution/auth0
"British Academy of Interior Design

                1 course",/institution/baid
"Baidu

                1 course",/institution/baidu
"British Academy of Photography

                1 course",/institution/baph
"begin.re

                1 course",/institution/begin-re
"Bella Coco Crochet

                1 course",/institution/bella-coco-crochet
"Bertelsmann

                1 course",/institution/bertelsmann
"BGI

                1 course",/institution/bgi
"British Heart Foundation

                1 course",/institution/bhf
"Learn Korean with GO! Billy Korean

                1 course",/institution/billy-korean
"The Black Curriculum

                1 course",/institution/black-curriculum
"Bloomberg

                1 course",/institution/bloomberg
"Blue Prism

                1 course",/institution/blue-prism
"Blue Tomorrow

                1 course",/institution/blue-tomorrow
"Studio Blup

                1 course",/institution/blup
"BMW

                1 course",/institution/bmw
"Bank Negara Indonesia

                1 course",/institution/bn-indo
"Badan Nasional Penanggu langan Bencana

                1 course",/institution/bnpl-bencana
"Boston Dynamics

                1 course",/institution/boston-dynamics
"Branchus Creations

                1 course",/institution/branchus-creations
"Brightline Initiative

                1 course",/institution/brightline
"Blended Schools Network

                1 course",/institution/bsn
"BugBountyHunter

                1 course",/institution/bug-bounty-hunter
"Cadence

                1 course",/institution/cadence
"Les Canaux

                1 course",/institution/canaux
"Canberra Institute of Technology

                1 course",/institution/canberra-institute
"Capital One

                1 course",/institution/capital-one
"Capitals Coalition

                1 course",/institution/capitals-coalition
"Career Academy

                1 course",/institution/career-academy
"Carnegie Foundation

                1 course",/institution/carnegie
"Carnegie Institute for Science

                1 course",/institution/carnegie-institute-science
"Cartezia

                1 course",/institution/cartezia
"CAVILAM - Alliance française

                1 course",/institution/cavilam
"C B R Network

                1 course",/institution/cbr-network
"CBT Nuggets

                1 course",/institution/cbt-nuggets
"Center for Technology Enhanced Learning

                1 course",/institution/center-for-technology-enhanced-learning
"CEPEI (Centro de Pensamiento Estratégico Internacional)

                1 course",/institution/cepei
"Cetim

                1 course",/institution/cetim
"Centre for Competitiveness

                1 course",/institution/cforc
"École Charles Dullin

                1 course",/institution/charles-dullin
"Chayn Italia

                1 course",/institution/chayn-italia
"Chesscademy

                1 course",/institution/chesscademy
"Chettinad Hospital And Research Institute

                1 course",/institution/chettinad
"Chimie ParisTech - PSL

                1 course",/institution/chimie
"Clayton Christensen Institute

                1 course",/institution/christenseninstitute
"CICOM BRAINS

                1 course",/institution/cicom
"CIFP Carlos III

                1 course",/institution/cifp-carlos
"Centre for International Governance Innovation

                1 course",/institution/cigi
"Center for the Integration of Research, Teaching, and Learning

                1 course",/institution/cirtl
"ClayDeskE-Learning

                1 course",/institution/clay-desk
"The Cloud Institute for Sustaibability Education

                1 course",/institution/clde
"Clemenceau Medical Center

                1 course",/institution/clemenceau
"ClickBank

                1 course",/institution/clickbank
"Climate Solutions

                1 course",/institution/climate-solutions-network
"Centre national de la recherche scientifique

                1 course",/institution/cnrs
"Coding Black Females

                1 course",/institution/coding-black-females
"Colchester Museums

                1 course",/institution/colchester-museum
"Common Purpose

                1 course",/institution/common-purpose
"Complexity Academy

                1 course",/institution/complexity-academy
"Observatoire de la Côte d'Azur

                1 course",/institution/cote-dazur
"CPA Australia

                1 course",/institution/cpa-australia
"Creative Skillset

                1 course",/institution/creative-skillset
"Constitutional Rights Foundation

                1 course",/institution/crf
"Critical Mass

                1 course",/institution/critical-mass
"Canyons School District

                1 course",/institution/csd
"Dave's Garage

                1 course",/institution/daves-garage
"DeepMind

                1 course",/institution/deepmind
"Decision Education Foundation

                1 course",/institution/def
"Designers for Learning

                1 course",/institution/designers-for-learning
"Australian Aid

                1 course",/institution/dfat
"Direction générale des étrangers en France

                1 course",/institution/dgef-interieur
"Diplomadas Ingenieria Industrial UC

                1 course",/institution/diiuc
"Deutsches Klima-Konsortium

                1 course",/institution/dkk
"Draper University

                1 course",/institution/draper
"Direction des Ressources Humaines de l'Armée de Terre

                1 course",/institution/drhat
"eartsupx

                1 course",/institution/e-artsup
"Enterprise Architects

                1 course",/institution/ea
"Earth Stories

                1 course",/institution/earth-stories
"Edinburgh Climate Change Institute

                1 course",/institution/ecci
"Te Rito Maioha: Early Childhood Education NZ

                1 course",/institution/ecnz
"École Française de Comptabilité

                1 course",/institution/ecole
"eCore - University System of Georgia

                1 course",/institution/ecore
"Entrepreneurship Center at UCSF

                1 course",/institution/ecucsf
"Ed Tadeo

                1 course",/institution/ed-tadeo
"Institute EDDEC

                1 course",/institution/eddec
"Education & Numérique

                1 course",/institution/education-numerique
"EFREI

                1 course",/institution/efrei
"European Journalism Centre

                1 course",/institution/ejc
"European Joint Programme on Rare Diseases (EJP RD)

                1 course",/institution/ejp-rd
"Elixir School

                1 course",/institution/elixir-school
"Ellen MacArthur Foundation

                1 course",/institution/ellen-macarthur-foundation
"Engineering Mindset

                1 course",/institution/engineering-mindset
"The Engineers Post

                1 course",/institution/engineers-post
"E-Nor

                1 course",/institution/enor
"European Psychiatric Association

                1 course",/institution/epa
"Emergency Planning College

                1 course",/institution/epc
"École Pour l'Informatique et les Techniques Avancées (EPITA)

                1 course",/institution/epita
"Exotic Species Cancer Research Alliance

                1 course",/institution/escra
"Entrepreneurial Sales Institute

                1 course",/institution/esi
"ESPGHAN

                1 course",/institution/espghan
"The Education & Training Foundation

                1 course",/institution/etf
"Ethereum Foundation

                1 course",/institution/ethereum-foundation
"Ethicon

                1 course",/institution/ethicon
"Euneos

                1 course",/institution/euneos
"Fundacion para la Eficiencia Energética

                1 course",/institution/f2e
"Founders4Schools

                1 course",/institution/f4s
"Fashion Revolution

                1 course",/institution/fashion-revolution
"FDI World Dental Federation

                1 course",/institution/fdi-dental
"Fehap

                1 course",/institution/fehap
"FERRANDI Paris - l'école française de gastronomie

                1 course",/institution/ferrandiparis
"Fraunhofer IESE

                1 course",/institution/fiese
"Figura

                1 course",/institution/figura
"Figure Eight

                1 course",/institution/figure-eight
"Filtered

                1 course",/institution/filtered
"Fundación Jaime Guzmán

                1 course",/institution/fjguzman
"FLITE

                1 course",/institution/flite
"FMSH - The Fondation Maison des sciences de l'homme

                1 course",/institution/fmsh
"FODMAP Institute

                1 course",/institution/fodmap-institute
"Ford Foundation

                1 course",/institution/ford-foundation
"Fortinet

                1 course",/institution/fortinet
"Foundation Center

                1 course",/institution/foundation-center
"Founder's Factory

                1 course",/institution/founders-factory
"Financial Planning Standards Board Indonesia

                1 course",/institution/fpsb-indo
"Frank Capability

                1 course",/institution/frank-capability
"Fraunhofer IPA

                1 course",/institution/fraunhofer-ipa
"FreeMedEd

                1 course",/institution/freemeded
"Futur

                1 course",/institution/futur
"Flat World Knowledge

                1 course",/institution/fwk
"FXhome

                1 course",/institution/fx-home
"Government Digital Service

                1 course",/institution/gds
"GEMS Education

                1 course",/institution/gemseducation
"Genentech

                1 course",/institution/genentech
"Instituto Federal do Sul de Minas Gerais

                1 course",/institution/gerais
"Geological Survey of Denmark and Greenland

                1 course",/institution/geus
"GirlSparks

                1 course",/institution/girlsparks
"GJ_Chess

                1 course",/institution/gj-chess
"Globis

                1 course",/institution/globis
"GMR Institute of Technology

                1 course",/institution/gmrit
"Goethe-Institut

                1 course",/institution/goethe
"Goldman Sachs 10,000 Women

                1 course",/institution/goldman-sachs-10000
"Good-Loop

                1 course",/institution/good-loop
"Government Campus

                1 course",/institution/gov-uk-campus
"Gowrie Victoria

                1 course",/institution/gowrie
"Graduate Coach

                1 course",/institution/graduate-coach
"GREASE

                1 course",/institution/grease
"Grenoble INP

                1 course",/institution/grenoble
"Global Travel and Tourism Partnership

                1 course",/institution/gttp
"H2O

                1 course",/institution/h2o
"Hackaday

                1 course",/institution/hackaday
"Hack Reactor

                1 course",/institution/hackreactor
"Hak5

                1 course",/institution/hak5
"Hans Christian Andersen Centre

                1 course",/institution/hans-christian-andersen-centre
"Herbertech

                1 course",/institution/herbertech
"Hitachi Foundation

                1 course",/institution/hitachi
"Hoffman Academy

                1 course",/institution/hoffman-academy
"Honeywell

                1 course",/institution/honeywell
"Hootsuite

                1 course",/institution/hootsuite
"How a Car Works

                1 course",/institution/how-a-car-works
"Hsoub

                1 course",/institution/hsoub
"Hustle Crew

                1 course",/institution/hustle-crew
"Humboldt-Viadrina School of Governance

                1 course",/institution/hvsg
"Institute for Advanced Study

                1 course",/institution/ias
"Infection Control Africa Network

                1 course",/institution/ican-africa
"International Council of Museums (ICOM)

                1 course",/institution/icom
"Indian Cancer Society, Mumbai

                1 course",/institution/ics-mumbai
"ifoca

                1 course",/institution/ifoca
"Indian Institute of Remote Sensing

                1 course",/institution/iirs
"IMPACT Japan

                1 course",/institution/impact-japan
"In2Med

                1 course",/institution/in2med
"Inducas

                1 course",/institution/inducas
"INFLIBNET Centre

                1 course",/institution/inflibnet
"Insight

                1 course",/institution/insight
"Institut national de santé publique du Québec

                1 course",/institution/inspq
"Intigriti

                1 course",/institution/intigriti
"IPCRG

                1 course",/institution/ipcrg
"Institut de Physique du Globe de Paris

                1 course",/institution/ipgp
"IPS Grow

                1 course",/institution/ips-grow
"IPSA

                1 course",/institution/ipsa
"Irfan Shakeel

                1 course",/institution/irfaan-shakeel
"ISTH

                1 course",/institution/isth
"International Teacher Development Institute

                1 course",/institution/itdi
"IVADO

                1 course",/institution/ivado
"Institute for Wellness Education

                1 course",/institution/iwe
"International Youth Fellowship

                1 course",/institution/iyf
"Jazz Academy - Jazz at Lincoln Center

                1 course",/institution/jazz-academy
"Jolt

                1 course",/institution/jolt
"Tokyo Stock Exchange

                1 course",/institution/jpx
"Kauffman Fellows Academy

                1 course",/institution/kauffman
"Kent C. Dodds

                1 course",/institution/kent-dodds
"Kevin Thomas

                1 course",/institution/kevin-thomas
"KIET Group of Institutions

                1 course",/institution/kiet
"Kiron

                1 course",/institution/kiron
"K-MOOC

                1 course",/institution/kmooc
"KPMG

                1 course",/institution/kpmg
"Krita

                1 course",/institution/krita
"Knowles Science Teaching Foundation

                1 course",/institution/kstf
"KubeAcademy

                1 course",/institution/kube-academy
"The LACE Network

                1 course",/institution/lace
"La Fabrique

                1 course",/institution/lafabrique-ecole
"Language Tutor

                1 course",/institution/language-tutor
"Languages International

                1 course",/institution/languages-int
"LASER Classroom

                1 course",/institution/laser
"Law Society of Scotland

                1 course",/institution/law-society-scotland
"Leadership for Personalised Care

                1 course",/institution/leadership-for-personalised-care
"Lean 6 Services

                1 course",/institution/lean6
"LearnLinuxTV

                1 course",/institution/learn-linux-tv
"Learn With Sam And Ash

                1 course",/institution/learn-with-sam-and-ash
"Learning Puree

                1 course",/institution/learning-puree
"Lokalise Academy

                1 course",/institution/lokalise
"Lembaga Penjamin Simpanan

                1 course",/institution/lp-sim
"LURIS

                1 course",/institution/luris
"Lyft

                1 course",/institution/lyft
"Mobility and Accessibility for Children in Australia Ltd (MACA)

                1 course",/institution/maca
"MAHSE - Manchester Academy For Healthcare Scientist Education

                1 course",/institution/mahse
"Mailchimp

                1 course",/institution/mailchimp
"National Maritime Museum Greenwich

                1 course",/institution/maritime-museum
"Mark Plus

                1 course",/institution/mark-plus
"Maudsley Learning

                1 course",/institution/maudsley
"Max Planck Institute for Evolutionary Anthropology

                1 course",/institution/max-planck
"Media Design School

                1 course",/institution/media-design
"Fondation Merieux

                1 course",/institution/merieux
"MIC Ministry of Internal Affairs and Communications

                1 course",/institution/mic
"Migration Matters

                1 course",/institution/migration-matters
"Miller Center for Social Entrepreneurship

                1 course",/institution/miller-center
"MindUP

                1 course",/institution/mind-up
"École des mines de Nantes

                1 course",/institution/mines-nantes
"Ministre chargé de l'Enseignement supérieur

                1 course",/institution/ministere-enseignement
"MinutePhysics

                1 course",/institution/minutephysics
"Missing Children Europe

                1 course",/institution/missing-children-europe
"Mission Accomplished

                1 course",/institution/mission-accomplished
"Moshions

                1 course",/institution/moshions
"Moz

                1 course",/institution/moz
"Microsoft Deutschland GmbH

                1 course",/institution/msdgmbh
"Maastricht School of Management Romania

                1 course",/institution/msmromania
"MSQ

                1 course",/institution/msq
"MuleSoft

                1 course",/institution/mulesoft
"mVAM

                1 course",/institution/mvam
"MyLaw

                1 course",/institution/mylaw
"Mytechhigh

                1 course",/institution/mytechhigh
"NAPCAIM

                1 course",/institution/napcaim
"National Arts Strategies

                1 course",/institution/nas
"National Academy of Sports Medicine (NASM)

                1 course",/institution/nasm
"National Institute of Informatics

                1 course",/institution/national-institute-informatics
"Naturalis Biodiversity Home

                1 course",/institution/naturalis
"National Council for the Social Studies

                1 course",/institution/ncss
"NetApp

                1 course",/institution/netapp
"(nexgen) careers

                1 course",/institution/nexgen-careers
"NextWork

                1 course",/institution/next-work
"NHCPS - National Health Care Provider Solutions

                1 course",/institution/nhcps
"National Human Genome Research Institute

                1 course",/institution/nhgri
"NHS Improving Quality

                1 course",/institution/nhsiq
"National Institute for Research in Tuberculosis

                1 course",/institution/nirti
"National Institute of Speech and Hearing (NISH)

                1 course",/institution/nish
"NLogSpace

                1 course",/institution/nlogspace
"Noblesville Schools

                1 course",/institution/noblesville
"National Oceanography Centre

                1 course",/institution/noc
"NTT DoCoMo

                1 course",/institution/ntt
"New Zealand Institute of Education - NZIE

                1 course",/institution/nzie
"Oikonet

                1 course",/institution/oikonet
"OpenClassrooms

                1 course",/institution/openclassrooms
"OptiCits

                1 course",/institution/opticits
"Organismo Internacional de Juventud para Iberoamérica (OIJ)

                1 course",/institution/organismo
"Osmosis University

                1 course",/institution/osmosis-university
"Our Time

                1 course",/institution/our-time
"One Water Solutions Institute

                1 course",/institution/owsi
"Peer to Peer University

                1 course",/institution/p2pu
"Pearson PTE

                1 course",/institution/pearson-pte
"PeoplePerHour

                1 course",/institution/people-per-hour
"Personal Growth

                1 course",/institution/pgrowth
"Phenix

                1 course",/institution/phenix
"Play Jugo

                1 course",/institution/playjugo
"Project Management Institute

                1 course",/institution/pmi
"Post Carbon Institute

                1 course",/institution/post-carbon
"Pramp

                1 course",/institution/pramp
"Processing Foundation

                1 course",/institution/processing-foundation
"Procurro Solutions

                1 course",/institution/procurrosolutions
"projectfinance

                1 course",/institution/project-finance
"PSHE Association

                1 course",/institution/pshe
"PsyAsia International

                1 course",/institution/psyasia
"Public Square

                1 course",/institution/public-square
"Qualcomm

                1 course",/institution/qualcomm
"Quality Matters

                1 course",/institution/quality
"Quant

                1 course",/institution/quant
"Real Engineering

                1 course",/institution/real-engineering
"RELIEF Centre

                1 course",/institution/relief
"Resuscitation Academy

                1 course",/institution/resuscitation
"Revival

                1 course",/institution/revival
"Richland County School District One

                1 course",/institution/richland-one
"RIE, Bhubaneswar

                1 course",/institution/rie-bhubaneswar
"Riyali

                1 course",/institution/riyali
"Robin Wieruch

                1 course",/institution/robin-wieruch
"Roblox

                1 course",/institution/roblox
"ROI Training

                1 course",/institution/roi
"Jane Goodall's Roots & Shoots

                1 course",/institution/rootsandshoots
"Rootworks

                1 course",/institution/rootworks
"International Platform on Sport and Development

                1 course",/institution/sad
"SALTO-Youth

                1 course",/institution/salto-youth
"SAS Financial Advisors

                1 course",/institution/sas-financial-advisors
"Scala School

                1 course",/institution/scala-school
"Scholars at Risk

                1 course",/institution/scholars-at-risk
"National Science Learning Centre

                1 course",/institution/sciencelearningcentres
"San Diego County Office of Education

                1 course",/institution/sdcoe
"Strategic Decisions Group

                1 course",/institution/sdg
"SDG Talk 

                1 course",/institution/sdg-talk
"SecurityScoreCard

                1 course",/institution/security-score-card
"From Seed to Spoon

                1 course",/institution/seed-to-spoon
"Stockholm Environment Institute

                1 course",/institution/sei
"sentdex

                1 course",/institution/sentdex
"Swiss Hotel Management School (SHMS)

                1 course",/institution/shms
"Screen Industries Growth Network

                1 course",/institution/sign
"Silicon Schools Fund

                1 course",/institution/siliconschools
"Simple Nursing

                1 course",/institution/simple-nursing
"Society for Learning Analytics Research

                1 course",/institution/slar
"The Smart Hands

                1 course",/institution/smart-hands
"SmartOn

                1 course",/institution/smarton
"Socratica

                1 course",/institution/socratica
"Museo Reina Sofía

                1 course",/institution/sofia
"Fin die vie Soins Palliatifs Centre National

                1 course",/institution/soins-palliatifs
"SOLIDWORKS

                1 course",/institution/solidworks
"Somo

                1 course",/institution/somo
"Southeast Technical Institute

                1 course",/institution/southeasttech
"Space Awareness

                1 course",/institution/space-awareness
"Space Center Houston Education

                1 course",/institution/spacecentre
"Satyajit Ray Film & Television Institute

                1 course",/institution/srfti
"stacksmashing

                1 course",/institution/stack-smashing
"Stanford Life Design Lab

                1 course",/institution/stanford-life-design
"Starbucks

                1 course",/institution/starbucks
"Stat Courses

                1 course",/institution/stat-courses
"STRIPE

                1 course",/institution/stripe
"Study Melbourne

                1 course",/institution/study-melbourne
"Stylefit

                1 course",/institution/stylefit
"SUMEX

                1 course",/institution/sumex
"Super Pro

                1 course",/institution/superpro
"SupIntx

                1 course",/institution/supinternet
"Sustainable Angle

                1 course",/institution/sustainable-angle
"Syntec-Ingénierie

                1 course",/institution/syntec-ingenierie
"Talend

                1 course",/institution/talend
"TATE Year 3 Project

                1 course",/institution/tate
"TD Ameritrade

                1 course",/institution/td-ameritrade
"Teachers Without Borders

                1 course",/institution/teacherswithoutborders
"Techstars

                1 course",/institution/techstars
"TED

                1 course",/institution/ted
"Texas Instruments

                1 course",/institution/texas-instruments
"The Commonwealth

                1 course",/institution/the-commonwealth
"This is Milk

                1 course",/institution/this-is-milk
"ThoughtWorks

                1 course",/institution/thoughtworks
"TimWelds

                1 course",/institution/tim-welds
"Trent Kaniuga

                1 course",/institution/trent-kaniuga
"Trinity Laban Conservatoire of Music and Dance

                1 course",/institution/trinity-laban
"Alan Turing Institute

                1 course",/institution/turing
"Tyler DeWitt

                1 course",/institution/tyler-dewitt
"UCL Consultants

                1 course",/institution/uclc
"UKBlackTech

                1 course",/institution/uk-black-tech
"UK GBC

                1 course",/institution/uk-gbc
"UK Health Security Agency

                1 course",/institution/uk-health
"UK Electronics Skills Foundation

                1 course",/institution/ukesf
"University Medical Center Groningen

                1 course",/institution/umcg
"UNAUS (University Network for Architectural and Urban Sustainability). Barcelona

                1 course",/institution/unaus
"United Nations Development Programme

                1 course",/institution/undp
"Uniklinik Köln

                1 course",/institution/uniklinik-koln
"Unisciel

                1 course",/institution/unisciel
"Unisinos

                1 course",/institution/unisinos
"United Cities and Local Governments of Africa

                1 course",/institution/united-cities-and-local-governments-of-africa
"Upwork

                1 course",/institution/upwork
"UrbanTide

                1 course",/institution/urbantide
"USAID

                1 course",/institution/usaid
"United Service Organizations (USO)

                1 course",/institution/uso
"Varsity College

                1 course",/institution/varsity
"Vlaams Supercomputer Centrum

                1 course",/institution/vlaams
"VMware

                1 course",/institution/vmware
"VocalEyes

                1 course",/institution/vocaleyes
"Waymo

                1 course",/institution/waymo
"WICHE Cooperative for Educational Technologies

                1 course",/institution/wcet
"World Economic Forum

                1 course",/institution/weforum
"WestEd

                1 course",/institution/wested
"Wikimedia France

                1 course",/institution/wikimedia-france
"WooCommerce

                1 course",/institution/woocommerce
"Woodwell Climate Research Center

                1 course",/institution/woodwell
"World Learning

                1 course",/institution/world-learning
"WorldQuant

                1 course",/institution/worldquant
"World Wide Fund For Nature (WWF)

                1 course",/institution/wwf
"X-Rite Pantone

                1 course",/institution/xrite
"XYZ Textbooks

                1 course",/institution/xyz
"YouStudy International College

                1 course",/institution/you-study
